{"credit":"Made with Blockbench","textures":{"0":"stellarity:block/aota_side","1":"stellarity:block/aota_top"},"elements":[{"from":[0,0,0],"to":[16,13,16],"faces":{"north":{"uv":[0,3,16,16],"texture":"#0"},"east":{"uv":[0,3,16,16],"texture":"#0"},"south":{"uv":[0,3,16,16],"texture":"#0"},"west":{"uv":[0,3,16,16],"texture":"#0"},"up":{"uv":[0,0,16,16],"texture":"#1"},"down":{"uv":[0,0,16,16],"texture":"#missing"}}}],"display":{"thirdperson_righthand":{"rotation":[75,45,0],"translation":[0,2.5,0],"scale":[0.375,0.375,0.375]},"thirdperson_lefthand":{"rotation":[75,45,0],"translation":[0,2.5,0],"scale":[0.375,0.375,0.375]},"firstperson_righthand":{"rotation":[0,45,0],"scale":[0.4,0.4,0.4]},"firstperson_lefthand":{"rotation":[0,225,0],"scale":[0.4,0.4,0.4]},"ground":{"translation":[0,3,0],"scale":[0.25,0.25,0.25]},"gui":{"rotation":[30,225,0],"scale":[0.625,0.625,0.625]},"head":{"rotation":[0,180,0],"translation":[0,13,7]},"fixed":{"scale":[0.5,0.5,0.5]}}}