{
	"entity.enderman.ambient":{
		"sounds":[
			"mob/endermen/idle1",
			"mob/endermen/idle2",
			"mob/endermen/idle3",
			"mob/endermen/idle4",
			"mob/endermen/idle5"
		],
		"subtitle":"subtitles.entity.enderman.ambient",
		"replace":true
	},
	"entity.enderman.death":{
		"sounds":[
			"mob/endermen/death"
		],
		"subtitle":"subtitles.entity.enderman.death",
		"replace":true
	},
	"entity.enderman.hurt":{
		"sounds":[
			"mob/endermen/hit1",
			"mob/endermen/hit2",
			"mob/endermen/hit3",
			"mob/endermen/hit4"
		],
		"subtitle":"subtitles.entity.enderman.hurt",
		"replace":true
	},
	"entity.enderman.scream":{
		"sounds":[
			"mob/endermen/scream1",
			"mob/endermen/scream2",
			"mob/endermen/scream3",
			"mob/endermen/scream4"
		],
		"subtitle":"subtitles.entity.enderman.ambient",
		"replace":true
	},
	"entity.enderman.stare":{
		"sounds":[
			"mob/endermen/stare_1",
			"mob/endermen/stare_2"
		],
		"subtitle":"subtitles.entity.enderman.stare",
		"replace":true
	},
	"entity.enderman.teleport":{
		"sounds":[
			"mob/endermen/teleport_1",
			"mob/endermen/teleport_2",
			"mob/endermen/teleport_3",
			"mob/endermen/teleport_4",
			"mob/endermen/teleport_5",
			"mob/endermen/teleport_6",
			"mob/endermen/teleport_7",
			"mob/endermen/teleport_8"
		],
		"subtitle":"subtitles.entity.enderman.teleport",
		"replace":true
	},
	"entity.endermite.ambient":{
		"sounds":[
			"mob/endermite/idle_1",
			"mob/endermite/idle_2",
			"mob/endermite/idle_3"
		],
		"subtitle":"subtitles.entity.endermite.ambient",
		"replace":true
	},
	"entity.endermite.death":{
		"sounds":[
			"mob/endermite/death_1",
			"mob/endermite/death_2"
		],
		"subtitle":"subtitles.entity.endermite.death",
		"replace":true
	},
	"entity.endermite.hurt":{
		"sounds":[
			"mob/endermite/hurt_1",
			"mob/endermite/hurt_2",
			"mob/endermite/hurt_3"
		],
		"subtitle":"subtitles.entity.endermite.hurt",
		"replace":true
	},
	"entity.shulker.hurt_closed":{
		"sounds":[
			"entity/shulker/hurt_closed_1",
			"entity/shulker/hurt_closed_2",
			"entity/shulker/hurt_closed_3",
			"entity/shulker/hurt_closed_4"
		],
		"subtitle":"subtitles.entity.shulker.hurt",
		"replace":true
	},
	"entity.shulker.shoot":{
		"sounds":[
			"entity/shulker/shoot_1",
			"entity/shulker/shoot_2",
			"entity/shulker/shoot_3",
			"entity/shulker/shoot_4"
		],
		"subtitle":"subtitles.entity.shulker.shoot",
		"replace":true
	},
	"entity.shulker.teleport":{
		"sounds":[
			"mob/endermen/portal",
			"mob/endermen/portal2"
		],
		"subtitle":"subtitles.entity.shulker.teleport",
		"replace":true
	},
	"entity.shulker_bullet.hit":{
		"sounds":[
			"entity/shulker_bullet/hit_1",
			"entity/shulker_bullet/hit_2",
			"entity/shulker_bullet/hit_3",
			"entity/shulker_bullet/hit_4"
		],
		"subtitle":"subtitles.entity.shulker_bullet.hit",
		"replace":true
	},
	"entity.shulker_bullet.hurt":{
		"sounds":[
			"entity/shulker_bullet/hit1",
			"entity/shulker_bullet/hit2",
			"entity/shulker_bullet/hit3",
			"entity/shulker_bullet/hit4"
		],
		"subtitle":"subtitles.entity.shulker_bullet.hurt",
		"replace":true
	},
	"entity.ender_dragon.ambient": {
		"sounds": [
			"mob/enderdragon/idle1",
			"mob/enderdragon/idle2",
			"mob/enderdragon/idle3",
			"mob/enderdragon/idle4"
		],
		"replace": true
	},
	"block.glass.place":{
		"sounds":[
			"step/stone1",
			"step/stone2",
			"step/stone3",
			"step/stone4",
			"step/stone5"
		],
		"subtitle":"subtitles.block.generic.place",
		"replace":true
	},
	"entity.ender_pearl.throw": {
		"replace": true,
		"sounds": [
			{
				"name": "entity/endereye/endereye_launch1",
				"volume": 1.3
			},
			{
				"name": "entity/endereye/endereye_launch2",
				"volume": 1.3
			}
		],
		"subtitle": "subtitles.entity.ender_pearl.throw"
	}
}
