{
	"parent": "minecraft:item/generated",
	"textures": {
		"layer0": "minecraft:item/crossbow_standby"
	},
	"display": {
		"thirdperson_righthand": {
			"rotation": [
				-90,
				0,
				-60
			],
			"translation": [
				2,
				0.1,
				-3
			],
			"scale": [
				0.9,
				0.9,
				0.9
			]
		},
		"thirdperson_lefthand": {
			"rotation": [
				-90,
				0,
				30
			],
			"translation": [
				2,
				0.1,
				-3
			],
			"scale": [
				0.9,
				0.9,
				0.9
			]
		},
		"firstperson_righthand": {
			"rotation": [
				-90,
				0,
				-55
			],
			"translation": [
				1.13,
				3.2,
				1.13
			],
			"scale": [
				0.68,
				0.68,
				0.68
			]
		},
		"firstperson_lefthand": {
			"rotation": [
				-90,
				0,
				35
			],
			"translation": [
				1.13,
				3.2,
				1.13
			],
			"scale": [
				0.68,
				0.68,
				0.68
			]
		}
	},
	"overrides": [
		{
			"predicate": {
				"pulling": 1
			},
			"model": "minecraft:item/crossbow_pulling_0"
		},
		{
			"predicate": {
				"pulling": 1,
				"pull": 0.58
			},
			"model": "minecraft:item/crossbow_pulling_1"
		},
		{
			"predicate": {
				"pulling": 1,
				"pull": 1
			},
			"model": "minecraft:item/crossbow_pulling_2"
		},
		{
			"predicate": {
				"charged": 1
			},
			"model": "minecraft:item/crossbow_arrow"
		},
		{
			"predicate": {
				"charged": 1,
				"firework": 1
			},
			"model": "minecraft:item/crossbow_firework"
		},
		{
			"predicate": {
				"custom_model_data": 90000
			},
			"model": "stellarity:item/clockwork_crossbow"
		},
		{
			"predicate": {
				"pulling": 1,
				"custom_model_data": 90000
			},
			"model": "stellarity:item/clockwork_crossbow_pulling_0"
		},
		{
			"predicate": {
				"pulling": 1,
				"pull": 0.58,
				"custom_model_data": 90000
			},
			"model": "stellarity:item/clockwork_crossbow_pulling_1"
		},
		{
			"predicate": {
				"pulling": 1,
				"pull": 1,
				"custom_model_data": 90000
			},
			"model": "stellarity:item/clockwork_crossbow_pulling_2"
		},
		{
			"predicate": {
				"charged": 1,
				"custom_model_data": 90000
			},
			"model": "stellarity:item/clockwork_crossbow_arrow"
		},
		{
			"predicate": {
				"charged": 1,
				"firework": 1,
				"custom_model_data": 90000
			},
			"model": "stellarity:item/clockwork_crossbow_firework"
		},
		{
			"predicate": {
				"custom_model_data": 90001
			},
			"model": "stellarity:item/prismatic_punch"
		},
		{
			"predicate": {
				"pulling": 1,
				"custom_model_data": 90001
			},
			"model": "stellarity:item/prismatic_punch_pulling_0"
		},
		{
			"predicate": {
				"pulling": 1,
				"pull": 0.58,
				"custom_model_data": 90001
			},
			"model": "stellarity:item/prismatic_punch_pulling_1"
		},
		{
			"predicate": {
				"pulling": 1,
				"pull": 1,
				"custom_model_data": 90001
			},
			"model": "stellarity:item/prismatic_punch_pulling_2"
		},
		{
			"predicate": {
				"charged": 1,
				"custom_model_data": 90001
			},
			"model": "stellarity:item/prismatic_punch_arrow"
		},
		{
			"predicate": {
				"charged": 1,
				"firework": 1,
				"custom_model_data": 90001
			},
			"model": "stellarity:item/prismatic_punch_arrow"
		},
		{
			"predicate": {
				"custom_model_data": 90002
			},
			"model": "stellarity:item/slayer_crossbow"
		},
		{
			"predicate": {
				"pulling": 1,
				"custom_model_data": 90002
			},
			"model": "stellarity:item/slayer_crossbow_pulling_0"
		},
		{
			"predicate": {
				"pulling": 1,
				"pull": 0.58,
				"custom_model_data": 90002
			},
			"model": "stellarity:item/slayer_crossbow_pulling_1"
		},
		{
			"predicate": {
				"pulling": 1,
				"pull": 1,
				"custom_model_data": 90002
			},
			"model": "stellarity:item/slayer_crossbow_pulling_2"
		},
		{
			"predicate": {
				"charged": 1,
				"custom_model_data": 90002
			},
			"model": "stellarity:item/slayer_crossbow_arrow"
		},
		{
			"predicate": {
				"charged": 1,
				"firework": 1,
				"custom_model_data": 90002
			},
			"model": "stellarity:item/slayer_crossbow_arrow"
		}
	]
}
