{
	"credit": "Made with Blockbench",
	"texture_size": [
		16,
		16
	],
	"elements": [
		{
			"from": [
				0,
				0,
				8
			],
			"to": [
				16,
				16,
				8
			],
			"faces": {
				"north": {
					"uv": [
						0,
						0,
						16,
						16
					],
					"texture": "#1"
				},
				"east": {
					"uv": [
						0,
						0,
						0,
						8
					],
					"texture": "#missing"
				},
				"south": {
					"uv": [
						0,
						0,
						16,
						16
					],
					"texture": "#1"
				},
				"west": {
					"uv": [
						0,
						0,
						0,
						8
					],
					"texture": "#missing"
				},
				"up": {
					"uv": [
						8,
						0,
						0,
						0
					],
					"texture": "#missing"
				},
				"down": {
					"uv": [
						8,
						0,
						0,
						0
					],
					"texture": "#missing"
				}
			}
		}
	]
}
